firmId,Date Initiated_yr,Reporting Source
4,2008.0,6
4,2009.0,1
25,2018.0,2
48,2009.0,2
61,2010.0,2
61,2011.0,2
61,2014.0,2
61,2017.0,2
120,2008.0,1
134,2009.0,8
134,2010.0,3
134,2011.0,6
134,2012.0,4
134,2013.0,4
134,2014.0,3
134,2015.0,8
134,2016.0,2
134,2017.0,3
134,2018.0,4
134,2019.0,4
134,2020.0,2
146,2009.0,2
164,2010.0,2
164,2015.0,2
190,2007.0,1
190,2008.0,1
190,2010.0,3
190,2011.0,2
190,2012.0,3
190,2013.0,1
190,2015.0,2
193,2007.0,2
193,2008.0,2
193,2009.0,2
193,2011.0,2
193,2012.0,2
193,2014.0,1
193,2016.0,1
199,2006.0,1
199,2007.0,1
199,2008.0,1
199,2009.0,3
199,2010.0,1
199,2011.0,1
199,2012.0,2
199,2014.0,1
199,2015.0,3
199,2018.0,2
199,2019.0,2
199,2020.0,2
205,2008.0,6
205,2009.0,4
205,2012.0,1
231,2010.0,2
231,2013.0,1
231,2018.0,1
249,2006.0,1
249,2007.0,3
249,2008.0,8
249,2009.0,2
249,2010.0,2
249,2011.0,2
249,2012.0,2
249,2013.0,10
249,2014.0,4
249,2015.0,12
249,2016.0,8
249,2017.0,2
249,2019.0,4
250,2006.0,1
250,2007.0,1
250,2008.0,2
250,2009.0,2
250,2010.0,2
250,2012.0,4
250,2013.0,2
250,2014.0,6
250,2015.0,8
250,2016.0,1
250,2017.0,6
250,2019.0,2
265,2011.0,1
265,2012.0,2
266,2008.0,2
266,2009.0,2
266,2011.0,1
266,2012.0,1
266,2013.0,1
266,2016.0,1
285,2008.0,4
298,2007.0,1
298,2013.0,1
316,2008.0,2
316,2009.0,3
316,2010.0,2
316,2013.0,4
316,2015.0,2
319,2011.0,2
329,2010.0,2
329,2011.0,2
361,2008.0,8
361,2009.0,3
361,2010.0,7
361,2011.0,3
361,2012.0,4
361,2013.0,4
361,2014.0,8
361,2015.0,1
361,2016.0,3
361,2017.0,3
361,2019.0,2
375,2008.0,2
421,2008.0,2
421,2011.0,2
421,2012.0,2
421,2013.0,2
421,2015.0,2
421,2017.0,4
421,2018.0,2
421,2019.0,2
422,2011.0,2
453,2009.0,6
453,2011.0,2
453,2012.0,2
453,2016.0,4
463,2009.0,1
463,2010.0,4
463,2011.0,4
463,2012.0,5
463,2015.0,4
468,2012.0,1
468,2015.0,1
469,2011.0,1
481,2011.0,2
481,2013.0,2
481,2014.0,2
505,2009.0,2
505,2011.0,2
505,2017.0,2
519,2008.0,1
519,2009.0,1
519,2016.0,2
519,2018.0,4
566,2007.0,1
566,2008.0,2
566,2009.0,2
566,2010.0,4
566,2012.0,4
566,2013.0,4
566,2016.0,2
566,2017.0,2
594,2007.0,2
594,2010.0,2
594,2011.0,4
594,2012.0,2
594,2013.0,2
594,2020.0,1
599,2008.0,2
599,2009.0,1
611,2016.0,1
612,2017.0,2
615,2006.0,1
615,2008.0,1
615,2009.0,2
628,2008.0,2
628,2009.0,4
628,2010.0,2
628,2011.0,3
628,2012.0,2
628,2013.0,4
628,2015.0,2
628,2016.0,2
628,2018.0,2
630,2007.0,2
630,2008.0,4
630,2009.0,8
630,2010.0,4
630,2012.0,2
630,2013.0,2
665,2007.0,2
665,2008.0,7
665,2009.0,2
665,2010.0,2
665,2011.0,2
665,2012.0,2
665,2014.0,4
665,2015.0,2
665,2016.0,2
705,2008.0,4
705,2009.0,1
705,2010.0,4
705,2011.0,6
705,2012.0,2
705,2013.0,10
705,2014.0,4
705,2015.0,2
705,2016.0,10
705,2017.0,2
705,2019.0,2
713,2016.0,2
728,2009.0,1
759,2014.0,2
791,2008.0,6
791,2009.0,2
791,2011.0,4
791,2012.0,8
791,2013.0,4
791,2015.0,4
791,2016.0,2
791,2017.0,4
793,2007.0,5
793,2009.0,2
793,2010.0,4
793,2012.0,4
793,2013.0,8
793,2014.0,15
793,2015.0,5
793,2016.0,6
793,2017.0,2
793,2018.0,8
793,2020.0,2
795,2009.0,2
795,2012.0,2
833,2006.0,1
866,2013.0,2
867,2010.0,2
867,2012.0,2
867,2016.0,1
867,2017.0,1
867,2019.0,1
875,2011.0,2
875,2020.0,2
908,2011.0,2
1020,2008.0,2
1020,2009.0,2
1020,2011.0,4
1020,2012.0,6
1020,2013.0,2
1020,2014.0,2
1020,2015.0,11
1020,2016.0,10
1020,2017.0,4
1020,2019.0,2
1027,2011.0,1
1027,2014.0,2
1027,2016.0,1
1042,2011.0,2
1101,2005.0,1
1101,2007.0,1
1101,2010.0,2
1101,2012.0,6
1137,2012.0,2
1137,2015.0,2
1137,2016.0,4
1137,2017.0,2
1175,2010.0,2
1248,2007.0,2
1248,2008.0,2
1248,2013.0,2
1249,2008.0,4
1252,2007.0,1
1252,2010.0,4
1252,2013.0,2
1252,2015.0,2
1252,2016.0,2
1252,2017.0,4
1254,2008.0,2
1404,2008.0,2
1404,2009.0,4
1459,2009.0,4
1459,2011.0,4
1511,2007.0,1
1511,2008.0,1
1576,2008.0,2
1576,2010.0,4
1576,2013.0,4
1576,2015.0,1
1576,2017.0,1
1588,2011.0,2
1588,2016.0,2
1588,2017.0,2
1742,2007.0,2
1763,2008.0,2
1763,2009.0,2
1763,2011.0,2
1763,2015.0,4
1763,2017.0,2
1763,2018.0,2
1781,2009.0,2
1781,2010.0,2
1794,2011.0,2
1794,2013.0,1
1834,2012.0,2
1845,2009.0,1
1845,2010.0,1
1845,2016.0,1
1845,2020.0,1
1895,2007.0,2
1914,2007.0,1
1914,2008.0,1
1914,2010.0,2
1914,2011.0,2
1914,2016.0,2
1914,2017.0,2
2002,2008.0,2
2091,2009.0,1
2091,2011.0,1
2148,2007.0,1
2202,2008.0,4
2225,2017.0,1
2225,2018.0,1
2240,2009.0,1
2240,2010.0,1
2240,2011.0,2
2240,2013.0,2
2240,2014.0,1
2261,2011.0,2
2288,2010.0,2
2347,2007.0,2
2347,2008.0,4
2347,2010.0,2
2347,2011.0,6
2347,2012.0,8
2347,2013.0,4
2347,2014.0,2
2347,2016.0,4
2347,2017.0,4
2347,2018.0,2
2347,2019.0,1
2440,2010.0,2
2498,2013.0,4
2498,2015.0,2
2525,2007.0,6
2525,2008.0,4
2525,2009.0,4
2525,2010.0,4
2525,2011.0,3
2525,2012.0,12
2525,2013.0,10
2525,2014.0,12
2525,2015.0,7
2525,2016.0,16
2525,2017.0,6
2525,2018.0,4
2543,2011.0,2
2543,2012.0,4
2543,2014.0,1
2543,2015.0,2
2543,2017.0,2
2764,2008.0,2
2764,2009.0,3
2764,2010.0,2
2764,2013.0,1
2764,2014.0,2
2764,2015.0,2
2764,2016.0,2
2764,2018.0,2
2811,2009.0,2
2811,2013.0,2
2881,2009.0,2
2881,2020.0,2
2908,2007.0,1
2908,2008.0,2
2908,2009.0,2
2908,2010.0,8
2908,2011.0,2
2908,2012.0,6
2936,2007.0,1
2936,2008.0,1
3001,2016.0,2
3255,2006.0,1
3255,2007.0,1
3255,2008.0,1
3255,2011.0,1
3336,2016.0,2
3429,2011.0,1
3441,2011.0,2
3466,2007.0,2
3466,2008.0,2
3466,2009.0,2
3466,2010.0,5
3466,2013.0,2
3466,2014.0,5
3466,2015.0,1
3496,2011.0,2
3496,2012.0,5
3496,2013.0,2
3496,2015.0,2
3496,2016.0,4
3538,2009.0,2
3538,2013.0,2
3546,2010.0,2
3546,2013.0,2
3603,2017.0,1
3618,2010.0,2
3618,2011.0,1
3618,2012.0,1
3767,2010.0,2
3767,2015.0,2
3777,2007.0,2
3777,2010.0,4
3777,2012.0,2
3777,2013.0,6
3777,2014.0,2
3777,2016.0,4
3777,2017.0,4
3777,2019.0,2
3798,2014.0,1
3866,2011.0,2
3866,2012.0,2
3870,2011.0,1
3870,2012.0,3
3870,2016.0,2
3875,2017.0,2
3978,2011.0,1
3978,2015.0,4
3989,2013.0,2
4031,2012.0,2
4031,2017.0,2
4173,2014.0,2
4173,2015.0,2
4297,2007.0,1
4297,2009.0,2
4297,2010.0,1
4297,2012.0,6
4297,2013.0,5
4297,2014.0,4
4297,2015.0,3
4297,2016.0,5
4297,2017.0,2
4297,2018.0,1
4297,2019.0,4
4300,2017.0,1
4316,2010.0,2
4316,2012.0,2
4316,2013.0,2
4316,2016.0,2
4316,2017.0,2
4421,2010.0,1
4806,2007.0,2
5049,2011.0,2
5100,2014.0,2
5100,2016.0,2
5167,2019.0,2
5251,2019.0,1
5300,2018.0,1
5361,2007.0,2
5376,2007.0,2
5376,2011.0,2
5393,2008.0,2
5393,2009.0,4
5393,2011.0,4
5393,2012.0,4
5393,2013.0,4
5393,2014.0,2
5393,2015.0,2
5393,2016.0,2
5393,2017.0,2
5611,2013.0,1
5611,2019.0,2
5633,2008.0,4
5633,2009.0,2
5633,2010.0,2
5633,2012.0,2
5633,2013.0,2
5633,2014.0,4
5633,2015.0,2
5633,2017.0,2
5670,2008.0,2
5670,2009.0,2
5670,2012.0,3
5670,2013.0,1
5670,2015.0,2
5670,2016.0,2
5670,2017.0,2
5670,2019.0,1
5670,2020.0,1
5685,2008.0,2
5685,2012.0,2
5797,2018.0,6
5844,2009.0,2
5844,2014.0,2
5845,2010.0,1
5845,2012.0,2
5940,2011.0,1
5953,2018.0,2
5958,2011.0,2
5979,2007.0,1
5979,2009.0,2
5979,2010.0,2
6105,2008.0,2
6158,2012.0,1
6183,2009.0,2
6183,2016.0,3
6183,2018.0,2
6193,2008.0,2
6220,2007.0,2
6220,2008.0,6
6220,2009.0,2
6220,2010.0,2
6220,2011.0,7
6220,2012.0,3
6220,2013.0,6
6220,2014.0,4
6220,2016.0,4
6220,2019.0,2
6255,2007.0,2
6255,2009.0,3
6255,2011.0,2
6255,2012.0,4
6255,2013.0,1
6255,2014.0,1
6271,2008.0,2
6271,2009.0,2
6271,2010.0,2
6271,2011.0,3
6271,2015.0,2
6271,2016.0,4
6281,2018.0,1
6312,2013.0,2
6312,2019.0,2
6363,2007.0,2
6363,2008.0,2
6363,2011.0,2
6363,2013.0,5
6363,2015.0,2
6363,2016.0,4
6363,2017.0,2
6380,2016.0,1
6413,2008.0,2
6413,2009.0,1
6413,2010.0,2
6413,2011.0,10
6413,2012.0,4
6413,2013.0,4
6413,2014.0,3
6413,2015.0,4
6413,2016.0,4
6413,2018.0,4
6413,2019.0,2
6482,2009.0,2
6506,2009.0,2
6578,2011.0,2
6579,2005.0,1
6579,2007.0,3
6579,2008.0,1
6579,2009.0,1
6619,2007.0,2
6619,2010.0,1
6619,2013.0,2
6619,2015.0,1
6627,2007.0,2
6627,2008.0,2
6627,2009.0,2
6627,2010.0,2
6627,2012.0,4
6627,2015.0,4
6627,2019.0,1
6670,2009.0,1
6670,2012.0,5
6670,2013.0,6
6670,2014.0,3
6670,2015.0,3
6670,2017.0,4
6670,2018.0,2
6694,2010.0,2
6694,2011.0,2
6694,2012.0,2
6694,2015.0,2
6694,2016.0,4
6694,2017.0,2
6694,2019.0,2
6731,2007.0,1
6731,2008.0,2
6731,2009.0,1
6731,2010.0,2
6874,2016.0,2
6888,2007.0,2
6888,2013.0,4
6888,2014.0,2
6905,2010.0,2
6905,2014.0,4
6905,2015.0,4
6905,2016.0,2
6905,2017.0,2
6914,2012.0,1
6914,2019.0,2
6939,2011.0,4
6939,2012.0,2
6940,2008.0,2
6950,2006.0,1
6950,2012.0,6
6950,2015.0,2
6963,2011.0,4
6963,2014.0,2
6964,2015.0,1
7001,2008.0,1
7001,2010.0,1
7001,2011.0,2
7001,2013.0,3
7001,2016.0,1
7017,2009.0,2
7017,2010.0,2
7017,2012.0,1
7031,2008.0,2
7031,2009.0,5
7031,2010.0,2
7031,2011.0,4
7031,2012.0,2
7031,2016.0,2
7072,2015.0,2
7089,2011.0,2
7089,2013.0,2
7089,2017.0,2
7110,2017.0,2
7191,2013.0,1
7191,2014.0,2
7270,2008.0,2
7270,2009.0,2
7270,2014.0,2
7278,2011.0,2
7297,2009.0,2
7297,2011.0,1
7297,2012.0,1
7297,2013.0,1
7297,2014.0,2
7297,2016.0,2
7336,2008.0,1
7344,2017.0,2
7353,2013.0,1
7365,2011.0,2
7389,2010.0,2
7413,2010.0,1
7413,2012.0,1
7425,2017.0,2
7425,2018.0,2
7452,2015.0,2
7456,2008.0,2
7456,2014.0,2
7456,2018.0,2
7461,2009.0,2
7461,2017.0,6
7461,2018.0,2
7471,2008.0,1
7477,2010.0,2
7477,2013.0,2
7477,2016.0,4
7477,2019.0,2
7488,2009.0,2
7512,2011.0,4
7518,2008.0,2
7524,2010.0,2
7524,2012.0,1
7524,2018.0,2
7537,2009.0,2
7537,2011.0,4
7556,2006.0,1
7560,2008.0,4
7560,2009.0,4
7560,2010.0,2
7560,2011.0,2
7560,2012.0,2
7560,2013.0,8
7560,2014.0,4
7560,2015.0,4
7560,2016.0,2
7560,2017.0,2
7612,2018.0,2
7616,2007.0,2
7616,2008.0,4
7616,2010.0,2
7616,2012.0,2
7616,2013.0,2
7616,2015.0,2
7616,2016.0,2
7616,2019.0,4
7654,2007.0,2
7654,2008.0,7
7654,2009.0,6
7654,2010.0,5
7654,2011.0,6
7654,2012.0,2
7654,2013.0,12
7654,2014.0,9
7654,2015.0,10
7654,2016.0,4
7654,2017.0,4
7654,2018.0,4
7671,2011.0,2
7684,2015.0,1
7684,2017.0,1
7726,2009.0,1
7726,2011.0,1
7763,2017.0,2
7784,2008.0,2
7784,2009.0,2
7784,2010.0,2
7784,2011.0,2
7784,2012.0,4
7784,2013.0,4
7784,2015.0,4
7784,2017.0,2
7793,2007.0,1
7793,2009.0,1
7793,2010.0,2
7793,2011.0,4
7793,2013.0,2
7793,2017.0,2
7826,1982.0,2
7826,1983.0,1
7826,2012.0,2
7834,2017.0,2
7870,2009.0,2
7870,2010.0,2
7870,2011.0,6
7870,2013.0,4
7870,2016.0,2
7870,2017.0,2
7870,2019.0,2
7874,2010.0,2
7874,2015.0,1
7874,2017.0,4
7888,2010.0,1
7888,2012.0,1
7888,2013.0,2
7897,2007.0,3
7897,2010.0,2
7897,2011.0,4
7897,2012.0,2
7897,2013.0,1
7897,2014.0,4
7897,2015.0,2
7897,2016.0,4
7897,2017.0,2
7897,2018.0,2
7984,2012.0,2
7984,2016.0,1
7995,2012.0,2
8000,2007.0,2
8000,2008.0,2
8000,2011.0,1
8000,2015.0,1
8000,2016.0,1
8010,2012.0,3
8010,2013.0,1
8032,2009.0,1
8032,2014.0,1
8032,2015.0,2
8032,2018.0,2
8052,2007.0,2
8052,2010.0,1
8052,2012.0,2
8052,2015.0,2
8060,2020.0,2
8073,2013.0,1
8073,2015.0,1
8089,2016.0,2
8096,2007.0,1
8096,2014.0,1
8158,2007.0,4
8158,2008.0,2
8158,2010.0,2
8158,2011.0,4
8158,2013.0,8
8158,2014.0,2
8158,2016.0,8
8158,2019.0,2
8200,2010.0,2
8200,2014.0,1
8206,2008.0,2
8206,2009.0,1
8206,2010.0,6
8206,2011.0,2
8206,2012.0,10
8206,2013.0,8
8206,2014.0,2
8206,2015.0,7
8206,2016.0,2
8206,2017.0,6
8206,2018.0,2
8288,2009.0,1
8288,2010.0,1
8300,2012.0,1
8326,2013.0,2
8326,2014.0,2
8327,2011.0,1
8327,2012.0,1
8348,2012.0,2
8352,2008.0,2
8352,2012.0,1
8361,2008.0,2
8361,2009.0,2
8361,2010.0,2
8361,2011.0,2
8361,2012.0,2
8361,2014.0,2
8361,2019.0,2
8365,2007.0,2
8408,2011.0,2
8452,2009.0,1
8485,2011.0,2
8593,2011.0,2
10010,2011.0,2
10012,2012.0,2
10012,2014.0,2
10019,2010.0,2
10020,2014.0,2
10081,2017.0,2
10083,2009.0,1
10083,2010.0,3
10083,2011.0,5
10083,2012.0,4
10083,2013.0,3
10083,2014.0,2
10083,2017.0,2
10100,2015.0,2
10111,2010.0,2
10111,2012.0,1
10205,2007.0,1
10205,2008.0,1
10205,2009.0,1
10205,2011.0,2
10205,2013.0,2
10205,2014.0,2
10205,2015.0,2
10205,2016.0,4
10205,2018.0,2
10299,2007.0,1
10299,2009.0,1
10299,2015.0,2
10299,2017.0,2
10358,2014.0,2
10358,2016.0,4
10358,2017.0,2
10358,2018.0,2
10384,1997.0,1
10384,1999.0,1
10384,2000.0,2
10409,2011.0,4
10409,2013.0,2
10409,2016.0,2
10409,2017.0,2
10409,2020.0,2
10467,2009.0,4
10467,2011.0,2
10538,2010.0,1
10571,2010.0,1
10579,2008.0,2
10579,2015.0,2
10582,2008.0,4
10582,2009.0,2
10582,2011.0,2
10582,2012.0,1
10582,2013.0,2
10639,2009.0,4
10639,2011.0,4
10639,2012.0,2
10639,2013.0,2
10645,2019.0,2
10674,2011.0,2
10674,2017.0,1
10684,2014.0,2
10684,2017.0,1
10690,2012.0,1
10690,2013.0,1
10702,2011.0,1
10702,2013.0,2
10702,2016.0,5
10740,2007.0,2
10740,2015.0,2
10839,2014.0,1
10929,2006.0,1
10929,2007.0,1
10948,2009.0,2
10948,2015.0,1
11025,2009.0,2
11025,2010.0,2
11025,2012.0,4
11025,2014.0,2
11025,2015.0,2
11025,2016.0,4
11025,2017.0,2
11039,2017.0,2
11065,2010.0,2
11163,2008.0,1
11206,2013.0,2
11224,2011.0,2
11226,2011.0,2
11226,2014.0,2
11363,2013.0,1
11363,2014.0,1
11424,2010.0,2
11548,2010.0,2
11707,2009.0,2
11707,2010.0,2
11707,2012.0,3
11707,2013.0,2
11707,2014.0,4
11707,2015.0,8
11707,2016.0,2
11707,2017.0,2
11768,2007.0,2
11768,2008.0,1
11768,2010.0,2
11869,2008.0,1
11869,2010.0,1
11869,2018.0,1
11869,2019.0,1
11899,2014.0,1
11899,2015.0,1
12667,2015.0,2
12963,2007.0,2
12981,2007.0,2
12981,2009.0,2
12981,2011.0,4
12981,2012.0,2
12981,2013.0,2
12981,2015.0,6
12981,2016.0,2
12984,2016.0,1
12984,2017.0,1
12984,2018.0,1
13024,2008.0,2
13035,2010.0,1
13035,2011.0,4
13041,2009.0,2
13041,2010.0,4
13041,2011.0,2
13041,2013.0,6
13041,2014.0,2
13041,2015.0,2
13041,2017.0,6
13041,2018.0,2
13071,2009.0,2
13071,2015.0,2
13071,2016.0,2
13071,2019.0,2
13115,2012.0,2
13121,2011.0,2
13121,2019.0,3
13134,2012.0,2
13259,2013.0,1
13318,2013.0,2
13409,2009.0,1
13478,2012.0,2
13478,2014.0,1
13478,2015.0,1
13572,2007.0,1
13572,2012.0,2
13572,2015.0,2
13572,2016.0,2
13572,2017.0,2
13572,2018.0,2
13577,2008.0,1
13577,2010.0,3
13577,2011.0,2
13577,2017.0,2
13609,2009.0,2
13609,2010.0,1
13609,2014.0,2
13609,2017.0,2
13626,2007.0,2
13686,2013.0,2
13686,2016.0,2
13703,2007.0,1
13755,2007.0,4
13787,2007.0,4
13787,2011.0,2
13787,2012.0,4
13854,2018.0,2
13905,2007.0,2
13905,2014.0,2
13911,2012.0,1
13997,2008.0,2
14020,2010.0,2
14020,2013.0,1
14020,2014.0,2
14020,2019.0,2
14124,2008.0,2
14169,2012.0,4
14169,2015.0,2
14169,2018.0,2
14178,2011.0,2
14178,2016.0,2
14178,2017.0,2
14178,2019.0,2
14216,2010.0,2
14251,2006.0,1
14251,2008.0,1
14251,2009.0,1
14251,2011.0,3
14251,2013.0,2
14251,2015.0,2
14251,2016.0,2
14251,2017.0,2
14268,2007.0,2
14303,2008.0,2
14303,2009.0,2
14303,2013.0,2
14303,2014.0,1
14303,2016.0,2
14303,2019.0,2
14344,2014.0,2
14416,2009.0,1
14455,2013.0,2
14458,2018.0,2
14634,2017.0,1
14716,2009.0,2
14752,2010.0,2
14869,2009.0,2
14869,2015.0,2
14869,2016.0,2
14869,2017.0,4
14869,2020.0,2
14952,2006.0,1
14952,2007.0,2
14952,2009.0,2
14952,2010.0,2
14952,2011.0,1
14952,2014.0,2
14952,2019.0,1
14970,2013.0,2
14974,2010.0,2
14974,2011.0,2
14974,2012.0,2
14974,2016.0,2
14974,2017.0,4
15041,2009.0,2
15071,2015.0,2
15121,2016.0,2
15121,2017.0,2
15251,2009.0,2
15252,2011.0,2
15340,2011.0,2
15340,2015.0,2
15340,2016.0,2
15340,2017.0,2
15345,1989.0,1
15407,2010.0,2
15407,2012.0,2
15407,2013.0,2
15427,2018.0,1
15427,2019.0,1
15453,2002.0,1
15453,2013.0,2
15480,2011.0,2
15487,2015.0,1
15634,2010.0,1
15647,2008.0,1
15647,2010.0,2
15647,2016.0,3
15650,2012.0,4
15650,2013.0,2
15650,2015.0,2
15650,2017.0,1
15650,2018.0,1
15766,2015.0,2
15768,2009.0,2
15768,2010.0,2
15768,2011.0,2
15768,2016.0,2
15770,2013.0,1
15794,2007.0,4
15794,2009.0,4
15794,2010.0,6
15794,2011.0,2
15794,2012.0,2
15794,2013.0,8
15794,2014.0,8
15794,2015.0,8
15794,2016.0,10
15794,2017.0,2
15794,2019.0,3
15794,2020.0,2
15807,2014.0,1
15834,2008.0,1
15834,2010.0,1
15840,2006.0,1
15853,2013.0,4
15853,2015.0,2
15871,2011.0,2
15993,2007.0,2
15993,2009.0,1
15993,2011.0,1
15993,2016.0,2
16076,2008.0,2
16076,2009.0,1
16076,2010.0,1
16100,2008.0,1
16156,2007.0,2
16164,2008.0,1
16164,2009.0,1
16164,2010.0,2
16164,2015.0,4
16208,2019.0,1
16208,2020.0,1
16307,2009.0,1
16360,2007.0,1
16360,2014.0,2
16361,2012.0,1
16361,2013.0,1
16362,2008.0,2
16362,2010.0,2
16362,2011.0,6
16362,2012.0,2
16362,2013.0,2
16362,2014.0,2
16362,2015.0,6
16365,2011.0,2
16415,2008.0,1
16415,2009.0,2
16415,2012.0,1
16443,2017.0,1
16443,2018.0,1
16505,2008.0,1
16507,2008.0,2
16507,2009.0,2
16507,2016.0,4
16507,2019.0,2
16517,2009.0,1
16517,2011.0,2
16569,2018.0,2
16651,2012.0,1
16686,2007.0,2
16686,2010.0,1
16686,2011.0,1
16686,2012.0,4
16686,2015.0,2
16686,2019.0,1
16736,2011.0,2
16741,2012.0,2
16741,2013.0,2
16763,2012.0,1
16783,2015.0,2
16835,2006.0,1
16835,2007.0,1
16835,2008.0,2
16835,2010.0,3
16835,2014.0,1
16843,2009.0,2
16843,2011.0,4
16843,2013.0,2
16853,2015.0,2
16908,2008.0,2
16986,2008.0,2
16986,2014.0,2
16986,2015.0,1
16999,2007.0,2
17037,2019.0,1
17047,2008.0,2
17047,2009.0,2
17053,2012.0,2
17053,2016.0,2
17058,2008.0,1
17058,2012.0,2
17059,2006.0,1
17059,2008.0,1
17079,2007.0,1
17079,2009.0,2
17079,2015.0,2
17079,2017.0,2
17117,2015.0,1
17117,2016.0,2
17120,2010.0,2
17140,2014.0,2
17229,2006.0,1
17229,2010.0,2
17344,2008.0,2
17344,2009.0,4
17344,2010.0,2
17344,2011.0,2
17344,2012.0,1
17344,2013.0,2
17344,2014.0,2
17344,2016.0,4
17344,2017.0,1
17358,2008.0,2
17358,2009.0,2
17358,2015.0,2
17360,2008.0,2
17454,2009.0,5
17454,2010.0,3
17454,2011.0,2
17454,2012.0,2
17454,2013.0,2
17454,2014.0,4
17454,2015.0,6
17454,2016.0,4
17454,2017.0,2
17454,2020.0,1
17465,2011.0,2
17486,2007.0,2
17490,2008.0,2
17490,2009.0,2
17499,2008.0,1
17499,2010.0,2
17499,2011.0,2
17499,2014.0,2
17499,2020.0,2
17507,2012.0,2
17530,2009.0,2
17530,2012.0,2
17530,2015.0,2
17530,2017.0,2
17587,2008.0,2
17587,2009.0,2
17587,2014.0,2
17587,2017.0,2
17609,2008.0,2
17609,2009.0,2
17655,2017.0,2
17665,2006.0,1
17665,2008.0,2
17665,2009.0,2
17776,2010.0,2
17776,2015.0,2
17868,2010.0,2
17868,2014.0,2
17868,2016.0,4
17870,2005.0,1
17870,2007.0,1
17870,2010.0,2
17870,2012.0,2
17912,2012.0,2
17912,2014.0,2
17930,2007.0,1
17930,2008.0,2
17930,2009.0,3
17935,2007.0,2
17935,2012.0,2
17972,2015.0,2
17972,2020.0,2
18126,2017.0,2
18272,2016.0,1
18292,2008.0,2
18292,2009.0,2
18312,2011.0,1
18312,2016.0,2
18353,2014.0,2
18353,2020.0,2
18367,2009.0,1
18367,2011.0,1
18377,2007.0,2
18387,2014.0,2
18387,2018.0,2
18476,2008.0,2
18476,2009.0,2
18476,2010.0,2
18476,2011.0,2
18476,2012.0,1
18476,2014.0,1
18476,2017.0,4
18483,2010.0,2
18498,2007.0,1
18498,2008.0,1
18498,2009.0,2
18498,2011.0,1
18498,2012.0,1
18509,2000.0,1
18557,2015.0,2
18565,2013.0,2
18637,2010.0,1
18637,2011.0,1
18637,2012.0,2
18637,2013.0,1
18637,2014.0,1
18697,2013.0,2
18697,2017.0,2
18718,2007.0,2
18718,2008.0,4
18810,2016.0,1
18810,2017.0,1
18923,2009.0,1
19074,2012.0,2
19299,2012.0,2
19299,2015.0,1
19418,2009.0,2
19418,2013.0,3
19418,2015.0,1
19453,2014.0,1
19453,2018.0,1
19475,2016.0,1
19524,2008.0,2
19571,2013.0,1
19585,2008.0,4
19585,2009.0,4
19585,2010.0,10
19585,2011.0,2
19585,2012.0,5
19585,2013.0,7
19585,2014.0,8
19585,2015.0,1
19585,2017.0,3
19616,2008.0,6
19616,2009.0,8
19616,2010.0,4
19616,2011.0,10
19616,2012.0,2
19616,2013.0,12
19616,2014.0,6
19616,2015.0,6
19616,2016.0,6
19616,2017.0,8
19616,2020.0,2
19647,2010.0,2
19647,2012.0,2
19647,2013.0,1
19647,2015.0,1
19647,2016.0,1
19647,2018.0,1
19647,2020.0,1
19662,2013.0,2
19662,2015.0,4
19662,2017.0,2
19685,2009.0,2
19693,2008.0,1
19714,2007.0,1
19714,2008.0,1
19714,2009.0,1
19714,2010.0,2
19714,2011.0,4
19714,2013.0,14
19714,2014.0,8
19714,2015.0,22
19714,2016.0,10
19714,2017.0,4
19714,2018.0,2
19739,2015.0,1
19775,2007.0,2
19801,2007.0,2
19801,2008.0,3
19801,2009.0,4
19801,2012.0,4
19801,2013.0,4
19801,2014.0,2
19801,2015.0,6
19801,2016.0,6
19801,2017.0,4
19801,2019.0,1
19981,2010.0,2
19981,2013.0,2
19982,2006.0,1
19982,2007.0,1
19982,2008.0,4
19982,2009.0,2
19982,2010.0,2
19982,2011.0,2
19982,2012.0,2
19982,2014.0,6
19982,2020.0,2
20130,2019.0,2
20291,2008.0,2
20338,2011.0,2
20472,2009.0,1
20472,2016.0,2
20509,2008.0,1
20580,2008.0,4
20580,2009.0,2
20580,2012.0,6
20580,2014.0,1
20804,2012.0,2
20804,2016.0,2
20833,2008.0,2
20854,2014.0,1
20854,2019.0,1
20996,2012.0,3
20997,2011.0,1
20999,2016.0,2
21013,2008.0,2
21013,2013.0,2
21033,2007.0,2
21163,2007.0,1
21163,2008.0,1
21313,2019.0,2
21477,2008.0,3
21520,2010.0,2
21538,2016.0,2
21544,2012.0,2
21567,2008.0,2
21567,2009.0,1
21567,2012.0,1
21567,2017.0,1
21570,2014.0,1
21570,2016.0,1
21606,2011.0,4
21606,2012.0,2
21606,2015.0,2
21622,2012.0,2
21675,2013.0,2
21786,2009.0,2
21786,2010.0,2
21786,2011.0,3
21786,2012.0,3
21788,2010.0,2
21946,2010.0,2
22011,2011.0,2
22098,2015.0,2
22098,2017.0,2
22208,2006.0,1
22208,2007.0,1
22208,2009.0,2
22208,2014.0,1
22208,2015.0,1
22408,2016.0,2
22455,2008.0,2
22455,2012.0,2
22549,2009.0,2
22590,2007.0,1
22590,2008.0,2
22698,2008.0,2
22698,2009.0,4
22698,2012.0,2
22698,2013.0,2
22698,2014.0,2
22698,2015.0,1
22704,2008.0,6
22704,2009.0,1
22704,2012.0,3
22704,2013.0,4
22704,2014.0,3
22704,2015.0,2
22704,2016.0,2
22704,2017.0,2
22732,2012.0,2
22732,2017.0,2
22891,2014.0,2
22982,2008.0,4
22982,2010.0,2
22982,2013.0,2
22982,2014.0,2
22982,2015.0,2
22982,2016.0,4
22982,2017.0,6
23131,2007.0,4
23131,2011.0,2
23131,2015.0,2
23131,2017.0,4
23131,2018.0,2
23131,2020.0,2
23224,2013.0,2
23224,2016.0,2
23304,2009.0,6
23304,2010.0,1
23328,2014.0,2
23407,2013.0,2
23407,2015.0,3
23407,2017.0,2
23407,2018.0,2
23407,2019.0,2
23437,2011.0,2
23510,2011.0,2
23510,2012.0,2
23635,2009.0,1
23657,2014.0,2
23670,2010.0,2
23670,2013.0,2
23670,2015.0,1
23682,2007.0,2
23682,2011.0,2
23682,2014.0,2
23714,2011.0,1
23714,2012.0,1
23714,2014.0,1
23723,2010.0,1
23723,2011.0,2
23736,2007.0,3
23739,2011.0,1
23740,2013.0,2
23757,2009.0,2
23769,2017.0,2
23769,2018.0,2
23857,2011.0,2
23940,2010.0,2
23974,2007.0,1
23974,2010.0,1
24019,2010.0,2
24083,2013.0,2
24110,2013.0,2
24153,2012.0,2
24153,2013.0,2
24328,2007.0,1
24332,2011.0,2
24332,2013.0,2
24535,2007.0,2
24549,2007.0,1
24549,2008.0,1
24549,2011.0,2
24549,2017.0,2
24750,2009.0,1
24755,2008.0,2
24771,2010.0,2
24771,2011.0,2
24771,2015.0,2
24790,2010.0,2
24790,2012.0,2
24790,2013.0,2
24790,2014.0,1
24790,2015.0,1
24795,2017.0,1
24835,2008.0,2
24908,2008.0,2
24908,2011.0,1
24962,2013.0,4
24962,2014.0,2
25005,2016.0,2
25025,2008.0,4
25025,2009.0,2
25025,2010.0,2
25025,2011.0,2
25025,2012.0,1
25025,2014.0,2
25025,2015.0,6
25027,2007.0,1
25027,2011.0,1
25169,2007.0,1
25169,2010.0,1
25169,2016.0,2
25334,2013.0,1
25427,2013.0,2
25427,2014.0,2
25427,2017.0,2
25427,2019.0,2
25440,2009.0,2
25440,2013.0,2
25440,2014.0,2
25440,2016.0,2
25440,2019.0,2
25502,2014.0,2
25536,2011.0,2
25543,2011.0,2
25700,2012.0,2
25752,2003.0,1
25766,2011.0,2
25766,2017.0,2
25766,2019.0,2
25802,2010.0,2
25803,2014.0,1
25803,2016.0,2
25808,2016.0,2
25816,2008.0,2
25816,2009.0,2
25816,2010.0,2
25816,2011.0,2
25816,2012.0,2
25816,2019.0,2
25866,2006.0,1
25866,2007.0,4
25866,2008.0,1
25866,2009.0,6
25866,2010.0,2
25866,2011.0,2
25896,2012.0,2
25910,2017.0,2
25996,2009.0,3
25996,2010.0,1
25996,2012.0,2
25996,2014.0,2
25996,2018.0,2
26001,2008.0,3
26001,2009.0,1
26001,2010.0,2
26091,2007.0,2
26091,2008.0,2
26091,2011.0,2
26091,2012.0,3
26153,2016.0,2
26193,2011.0,2
26233,1997.0,1
26233,2013.0,2
26245,2007.0,1
26258,2007.0,4
26258,2008.0,2
26258,2012.0,2
26258,2014.0,2
26258,2016.0,4
26293,1997.0,1
26303,2010.0,2
26314,2011.0,2
26314,2015.0,2
26314,2017.0,2
26354,2012.0,2
26354,2014.0,1
26455,2007.0,1
26455,2014.0,2
26460,2009.0,2
26460,2018.0,1
26506,2009.0,2
26506,2010.0,2
26506,2013.0,2
26506,2014.0,2
26554,2011.0,2
26580,2020.0,2
26598,2010.0,2
26898,2013.0,2
26898,2014.0,2
26898,2015.0,2
26974,2010.0,2
27060,2015.0,2
27063,2011.0,1
27108,2015.0,1
27108,2018.0,1
27274,2014.0,2
27314,2015.0,2
27369,2009.0,2
27369,2011.0,1
27393,2008.0,1
27393,2010.0,1
27393,2014.0,1
27502,2011.0,1
27502,2012.0,2
27502,2013.0,2
27704,2007.0,1
27704,2009.0,1
27704,2011.0,2
27834,2011.0,1
27851,2010.0,2
27851,2011.0,4
27851,2015.0,2
27954,2012.0,2
27954,2015.0,2
27954,2018.0,1
27984,2012.0,2
28116,2010.0,4
28116,2014.0,2
28116,2020.0,2
28195,2014.0,1
28195,2016.0,2
28196,2008.0,2
28196,2009.0,2
28196,2010.0,2
28196,2013.0,4
28196,2014.0,2
28196,2015.0,2
28196,2016.0,2
28196,2017.0,2
28218,2014.0,2
28262,2015.0,1
28269,2007.0,2
28269,2008.0,6
28269,2011.0,2
28269,2013.0,6
28269,2014.0,8
28269,2016.0,4
28269,2018.0,2
28345,2011.0,2
28352,2013.0,2
28352,2015.0,2
28373,2014.0,2
28432,2010.0,2
28432,2011.0,2
28432,2013.0,4
28432,2015.0,4
28432,2016.0,2
28432,2017.0,2
28489,2013.0,2
28519,2011.0,2
28567,2011.0,2
28583,2017.0,2
28684,2007.0,2
28684,2012.0,1
28684,2017.0,1
28693,2010.0,1
28830,2009.0,2
28830,2010.0,1
28867,2012.0,1
28867,2016.0,1
28872,2007.0,2
28872,2008.0,2
28872,2017.0,2
29037,2011.0,2
29049,2015.0,2
29087,2011.0,3
29087,2012.0,1
29087,2014.0,2
29087,2015.0,2
29087,2016.0,2
29087,2017.0,2
29087,2018.0,2
29087,2019.0,2
29102,2011.0,2
29102,2015.0,2
29106,2008.0,6
29106,2010.0,4
29106,2012.0,4
29106,2013.0,2
29106,2014.0,2
29106,2015.0,8
29106,2016.0,4
29106,2017.0,2
29163,2009.0,1
29163,2010.0,1
29163,2016.0,2
29249,2007.0,1
29251,2008.0,2
29275,2010.0,2
29278,2009.0,2
29278,2015.0,2
29299,2008.0,2
29299,2010.0,2
29299,2012.0,2
29299,2013.0,2
29299,2014.0,2
29299,2016.0,2
29299,2017.0,2
29302,2014.0,2
29318,2010.0,1
29318,2013.0,1
29331,2011.0,2
29337,2007.0,2
29337,2008.0,2
29337,2009.0,2
29337,2010.0,2
29337,2012.0,2
29337,2017.0,2
29394,2020.0,1
29421,2013.0,2
29459,2015.0,2
29551,2009.0,4
29582,2010.0,2
29582,2011.0,2
29582,2012.0,2
29582,2014.0,2
29582,2016.0,1
29582,2018.0,1
29604,2015.0,1
29604,2017.0,1
29604,2018.0,1
29683,2009.0,2
29683,2010.0,1
29683,2016.0,2
29705,2013.0,2
29709,2010.0,2
29721,2013.0,2
29753,2012.0,2
29753,2014.0,1
29753,2016.0,1
29753,2018.0,1
29753,2019.0,1
29767,2013.0,2
29767,2018.0,2
29775,2011.0,2
29795,2009.0,1
29804,2014.0,4
29804,2015.0,4
29807,2009.0,1
29927,2007.0,1
29931,2011.0,2
29931,2018.0,2
30057,2010.0,1
30057,2012.0,2
30107,2008.0,1
30107,2009.0,2
30107,2011.0,1
30107,2013.0,2
30107,2014.0,2
30107,2015.0,4
30145,2007.0,1
30145,2011.0,2
30145,2015.0,2
30184,2009.0,2
30184,2012.0,4
30184,2015.0,2
30184,2016.0,2
30184,2017.0,2
30330,2008.0,2
30330,2012.0,2
30343,2020.0,2
30362,2011.0,2
30362,2013.0,2
30362,2015.0,4
30395,2013.0,2
30418,2011.0,2
30568,2009.0,1
30582,2009.0,2
30605,2013.0,2
30613,2007.0,2
30613,2008.0,2
30613,2009.0,2
30613,2011.0,4
30613,2012.0,4
30613,2014.0,2
30613,2016.0,2
30613,2017.0,1
30624,2008.0,2
30648,2008.0,1
30648,2014.0,2
30811,2020.0,1
30833,2009.0,2
30833,2010.0,2
30833,2014.0,1
30833,2016.0,2
30934,2008.0,1
30935,2008.0,2
30999,2017.0,1
31029,2015.0,2
31155,2013.0,2
31155,2018.0,2
31256,2014.0,1
31312,2009.0,2
31312,2011.0,2
31312,2013.0,1
31538,2009.0,2
31730,2012.0,1
31898,2011.0,2
31951,2013.0,2
31951,2018.0,2
31971,2012.0,2
32114,2007.0,2
32117,2012.0,2
32383,2016.0,2
32396,2012.0,2
32396,2014.0,2
32396,2020.0,2
32444,2010.0,2
32444,2013.0,2
32444,2015.0,2
32444,2016.0,2
32444,2017.0,2
32458,2005.0,1
32458,2010.0,1
32599,2019.0,1
32830,2010.0,2
32949,2014.0,1
32949,2016.0,1
33038,2009.0,2
33065,2007.0,4
33319,2010.0,2
33319,2011.0,1
33319,2012.0,4
33319,2014.0,3
33319,2016.0,2
33319,2017.0,2
33364,2011.0,1
33364,2013.0,2
33725,2006.0,1
33725,2007.0,1
33725,2008.0,2
33725,2009.0,1
33725,2011.0,2
33725,2013.0,2
33725,2018.0,2
33856,2013.0,1
33856,2017.0,2
33947,2007.0,1
33947,2009.0,1
34528,2013.0,2
34786,2015.0,2
34800,2008.0,2
34815,2008.0,2
34815,2010.0,2
34815,2013.0,2
35039,2007.0,2
35039,2010.0,2
35120,2007.0,2
35149,2011.0,2
35187,2009.0,2
35192,2011.0,1
35192,2012.0,1
35232,2007.0,3
35331,2011.0,3
35490,2009.0,2
35528,2008.0,1
35586,2012.0,2
35603,2012.0,2
35669,2007.0,1
35693,2010.0,1
35693,2011.0,3
35693,2012.0,6
35693,2014.0,2
35693,2015.0,2
35693,2016.0,3
35693,2018.0,4
35699,2009.0,1
35699,2011.0,2
35699,2013.0,3
35699,2014.0,2
35739,2009.0,1
35739,2012.0,1
35747,2008.0,2
35747,2011.0,2
35747,2016.0,4
35800,2012.0,1
35865,2007.0,2
35865,2008.0,2
35865,2010.0,5
35865,2011.0,2
35865,2012.0,2
35865,2016.0,4
35917,1996.0,1
35917,2011.0,1
35917,2012.0,1
35947,2008.0,2
35947,2010.0,2
35993,2009.0,1
35997,2013.0,2
36000,2010.0,2
36000,2011.0,2
36026,2009.0,1
36026,2010.0,1
36105,2017.0,1
36118,2007.0,2
36118,2011.0,6
36118,2012.0,2
36118,2013.0,6
36143,2014.0,2
36155,2008.0,2
36155,2014.0,2
36155,2015.0,2
36155,2016.0,4
36155,2017.0,2
36187,2014.0,2
36187,2019.0,2
36187,2020.0,1
36259,2013.0,2
36354,2015.0,1
36354,2018.0,2
36368,2014.0,2
36368,2015.0,2
36379,2018.0,1
36418,2011.0,2
36418,2012.0,3
36418,2013.0,4
36418,2014.0,6
36418,2015.0,2
36418,2017.0,4
36418,2018.0,2
36451,2009.0,1
36451,2012.0,1
36451,2014.0,1
36488,2008.0,2
36509,2008.0,2
36527,2007.0,1
36527,2008.0,4
36527,2009.0,3
36527,2011.0,1
36527,2013.0,1
36538,2014.0,2
36592,2016.0,1
36592,2018.0,1
36654,2017.0,2
36671,2013.0,2
36716,2011.0,2
36719,2007.0,1
36719,2008.0,3
36719,2011.0,2
36719,2014.0,2
36719,2015.0,2
36719,2017.0,2
37044,2007.0,2
37066,2007.0,2
37068,2017.0,3
37155,2011.0,2
37157,2018.0,1
37179,2017.0,1
37179,2018.0,1
37216,2012.0,5
37216,2020.0,1
37273,2016.0,1
37401,2008.0,1
37401,2009.0,1
37466,2016.0,2
37470,2007.0,2
37505,2014.0,2
37552,2009.0,2
37554,2008.0,2
37560,2017.0,2
37674,2008.0,2
37739,2013.0,2
37761,2007.0,2
37761,2009.0,5
37813,2017.0,2
37814,2008.0,2
37814,2011.0,2
37818,2015.0,2
37818,2016.0,2
37818,2017.0,2
37821,2009.0,2
37869,2014.0,1
37891,2016.0,2
37924,2008.0,1
37924,2009.0,1
37924,2012.0,1
37924,2013.0,1
37924,2019.0,2
38030,2017.0,2
38036,2009.0,2
38069,2011.0,2
38097,2007.0,2
38097,2009.0,2
38098,2007.0,2
38098,2008.0,2
38108,2009.0,2
38156,2010.0,2
38235,2013.0,2
38278,2010.0,2
38379,2010.0,2
38379,2012.0,1
38455,2010.0,2
38455,2013.0,2
38535,2014.0,1
38535,2015.0,2
38535,2020.0,1
38537,2004.0,1
38537,2008.0,1
38537,2012.0,1
38599,2010.0,2
38599,2011.0,2
38599,2012.0,1
38599,2013.0,2
38599,2014.0,1
38619,2009.0,1
38619,2014.0,2
38619,2016.0,2
38690,2008.0,2
38690,2009.0,2
38690,2015.0,2
38690,2016.0,2
38747,2010.0,2
38751,2010.0,2
38770,2011.0,2
38785,2009.0,2
38901,2015.0,2
38901,2016.0,2
38912,2008.0,1
38912,2014.0,2
38912,2019.0,2
38923,2010.0,4
38923,2016.0,2
38964,2011.0,4
38964,2014.0,2
38964,2015.0,1
38964,2016.0,2
38964,2019.0,2
39011,2007.0,2
39011,2013.0,2
39057,2007.0,1
39057,2008.0,1
39057,2013.0,2
39057,2017.0,2
39147,2016.0,2
39164,2008.0,2
39164,2009.0,2
39164,2015.0,2
39164,2016.0,2
39262,2008.0,2
39262,2014.0,2
39262,2018.0,2
39262,2019.0,2
39262,2020.0,1
39307,2016.0,2
39341,2007.0,1
39341,2011.0,2
39371,2010.0,1
39371,2011.0,1
39410,2009.0,1
39455,2012.0,2
39455,2013.0,2
39455,2014.0,3
39550,2017.0,4
39615,2014.0,1
39615,2015.0,1
39616,2015.0,4
39616,2019.0,2
39639,2008.0,2
39639,2016.0,1
39673,2011.0,2
39673,2014.0,2
39684,2015.0,2
39759,2017.0,2
39782,2012.0,2
39806,2010.0,1
39914,2010.0,2
39914,2011.0,2
39914,2017.0,2
39914,2020.0,2
39916,2013.0,2
39944,2011.0,2
39944,2020.0,2
40002,2010.0,1
40002,2012.0,1
40055,2012.0,2
40077,2011.0,2
40077,2017.0,2
40077,2019.0,2
40118,2009.0,2
40118,2012.0,6
40118,2018.0,2
40258,2010.0,2
40302,2015.0,1
40355,2009.0,2
40368,2017.0,2
40375,2014.0,1
40375,2015.0,1
40395,2010.0,1
40395,2011.0,1
40418,2008.0,2
40633,2011.0,2
40633,2016.0,2
40637,2018.0,2
40638,2011.0,2
40638,2012.0,4
40638,2013.0,4
40638,2014.0,2
40638,2016.0,2
40638,2017.0,2
40657,2010.0,2
40744,2011.0,2
40805,2010.0,2
40821,2015.0,2
40881,2014.0,4
40964,2007.0,1
40980,2007.0,2
41025,2011.0,2
41025,2014.0,4
41055,2009.0,1
41055,2011.0,2
41055,2012.0,2
41076,2010.0,2
41170,2010.0,2
41257,2008.0,1
41257,2011.0,1
41257,2013.0,2
41258,2012.0,2
41258,2015.0,2
41258,2017.0,2
41282,2009.0,2
41316,2012.0,1
41352,2009.0,1
41400,2013.0,1
41463,2007.0,1
41528,2016.0,1
41533,2015.0,2
41554,2008.0,1
41554,2011.0,1
41554,2017.0,2
41571,2018.0,2
41768,2011.0,2
41768,2019.0,2
41784,2016.0,2
41784,2020.0,2
41791,2009.0,1
41791,2011.0,1
41791,2015.0,2
41791,2017.0,2
41894,2007.0,1
41894,2008.0,1
41917,2015.0,2
41957,2007.0,2
41957,2008.0,2
41957,2010.0,4
41957,2011.0,1
41957,2013.0,1
41957,2016.0,2
41970,2010.0,1
41970,2014.0,2
41970,2015.0,1
42046,2007.0,2
42046,2009.0,2
42046,2011.0,1
42046,2012.0,2
42046,2015.0,2
42046,2016.0,2
42046,2019.0,2
42046,2020.0,2
42057,2018.0,2
42060,2015.0,2
42071,2007.0,2
42132,2017.0,2
42150,2009.0,2
42150,2012.0,1
42293,2010.0,1
42293,2012.0,1
42360,2016.0,1
42360,2017.0,1
42485,2013.0,2
42568,2007.0,2
42568,2012.0,1
42619,2010.0,2
42803,2006.0,1
42803,2007.0,1
42803,2016.0,1
42813,2013.0,2
42813,2014.0,2
42844,2012.0,2
42844,2016.0,2
42847,2009.0,1
42847,2011.0,1
42847,2013.0,1
42847,2014.0,1
42850,2009.0,1
42916,2014.0,1
42941,2014.0,2
42941,2018.0,2
43034,2007.0,1
43035,2015.0,2
43036,2012.0,3
43098,2011.0,1
43098,2013.0,2
43100,2015.0,2
43100,2017.0,4
43177,2006.0,1
43177,2008.0,1
43177,2009.0,3
43177,2011.0,3
43177,2013.0,4
43177,2014.0,4
43177,2015.0,10
43177,2017.0,1
43276,2015.0,2
43285,2011.0,2
43285,2017.0,1
43520,2010.0,2
43520,2011.0,2
43520,2015.0,2
43520,2017.0,2
43520,2018.0,2
43635,2007.0,2
43678,2010.0,1
43689,2017.0,1
43706,2013.0,2
43711,2007.0,2
43741,2008.0,2
43744,2010.0,2
43753,2016.0,2
43814,2015.0,2
43844,2016.0,2
43875,2013.0,2
44057,2018.0,2
44134,2012.0,2
44164,2010.0,2
44254,2009.0,1
44266,2016.0,2
44308,2008.0,2
44337,2012.0,2
44337,2019.0,2
44343,2015.0,2
44487,2008.0,2
44523,2006.0,1
44523,2007.0,1
44631,2008.0,2
44631,2018.0,2
44632,2011.0,1
44734,2008.0,2
44760,2013.0,1
44791,2010.0,2
44791,2011.0,2
44791,2015.0,2
44807,2008.0,1
44807,2011.0,3
44807,2013.0,2
44807,2014.0,2
44810,2011.0,1
44848,2016.0,2
44856,2012.0,2
44857,2011.0,2
44957,2013.0,2
44974,2015.0,2
45040,2007.0,2
45040,2013.0,2
45040,2015.0,2
45040,2016.0,2
45040,2018.0,2
45053,2008.0,2
45097,2008.0,2
45097,2012.0,1
45097,2017.0,1
45108,2011.0,2
45115,2013.0,2
45115,2014.0,2
45115,2019.0,1
45179,2007.0,2
45309,2007.0,2
45348,2005.0,1
45348,2018.0,2
45503,2008.0,2
45537,2008.0,1
45744,2015.0,2
45744,2016.0,2
45899,2012.0,2
45899,2013.0,2
45915,2008.0,2
45915,2013.0,2
45961,2011.0,2
45976,2009.0,2
45976,2015.0,1
45986,2015.0,1
45986,2017.0,3
45993,2008.0,1
45993,2009.0,2
45993,2012.0,2
45993,2013.0,2
45993,2014.0,6
45993,2015.0,2
45993,2017.0,4
45995,2013.0,2
46001,2012.0,2
46001,2014.0,1
46035,2009.0,4
46035,2011.0,4
46047,2011.0,2
46047,2014.0,2
46145,2009.0,1
46152,2007.0,1
46173,2009.0,2
46173,2011.0,1
46173,2015.0,2
46173,2016.0,2
46173,2018.0,2
46173,2019.0,2
46214,2008.0,3
46214,2009.0,1
46214,2010.0,2
46214,2011.0,2
46214,2013.0,2
46214,2014.0,4
46214,2016.0,2
46214,2017.0,2
46226,2012.0,2
46237,2007.0,4
46237,2009.0,4
46237,2010.0,4
46300,2009.0,1
46300,2011.0,1
46300,2012.0,2
46346,2008.0,4
46346,2012.0,2
46346,2013.0,2
46605,2014.0,2
46605,2018.0,2
46709,2008.0,2
46709,2009.0,2
46709,2012.0,1
46709,2013.0,2
46727,2008.0,2
46727,2013.0,2
46727,2015.0,2
46749,2011.0,2
46749,2016.0,2
46816,2009.0,2
46872,2011.0,2
46872,2014.0,2
46872,2015.0,2
46897,2010.0,2
46938,2009.0,1
46938,2011.0,1
46947,2013.0,2
46987,2007.0,3
46987,2009.0,2
46987,2011.0,2
46987,2015.0,2
47040,2016.0,1
47107,2017.0,2
47293,2009.0,2
47363,2010.0,2
47363,2012.0,2
47388,2015.0,2
47439,2017.0,1
47439,2018.0,1
47477,2010.0,2
47654,2013.0,1
47681,2015.0,2
47725,2008.0,2
47788,2014.0,1
47788,2018.0,2
47867,2008.0,2
47867,2012.0,2
47867,2013.0,2
47873,2013.0,2
47927,2011.0,1
47927,2016.0,4
47972,2008.0,1
47972,2009.0,1
48001,2012.0,2
48013,2017.0,2
48015,2008.0,2
48015,2014.0,4
100100,2012.0,2
101020,2008.0,2
101161,2015.0,2
101420,2011.0,2
102500,2010.0,2
102500,2013.0,4
102500,2014.0,1
102800,2010.0,2
102800,2011.0,2
103620,2010.0,2
103620,2012.0,2
103680,2008.0,4
103680,2009.0,2
103705,2009.0,1
103705,2017.0,1
103724,2009.0,6
103737,2004.0,1
103737,2007.0,2
103737,2009.0,2
103766,2010.0,2
103768,2008.0,1
103768,2009.0,1
103768,2013.0,2
103768,2014.0,2
103782,2017.0,2
103787,2009.0,2
103792,2008.0,2
103802,2007.0,1
103802,2008.0,3
103802,2009.0,2
103802,2010.0,2
103802,2012.0,2
103802,2013.0,1
103837,2006.0,1
103843,2010.0,2
103849,2008.0,1
103849,2009.0,1
103849,2012.0,3
103849,2013.0,1
103849,2014.0,1
103849,2015.0,9
103861,2013.0,2
103863,2010.0,2
103933,2012.0,1
103933,2013.0,1
103941,2016.0,1
103941,2020.0,1
103958,2011.0,1
103958,2012.0,1
103971,2011.0,1
103971,2012.0,1
103976,2015.0,2
103981,2008.0,1
103981,2009.0,1
103987,2007.0,2
103987,2010.0,1
103987,2011.0,1
103987,2014.0,1
103987,2018.0,2
104002,2010.0,2
104003,2011.0,2
104005,2006.0,1
104005,2007.0,2
104005,2008.0,1
104005,2011.0,2
104005,2012.0,2
104005,2013.0,1
104005,2015.0,1
104005,2016.0,2
104005,2017.0,2
104022,2009.0,2
104022,2011.0,2
104031,2007.0,1
104031,2008.0,1
104031,2010.0,2
104031,2011.0,2
104031,2012.0,2
104031,2020.0,1
104047,2004.0,1
104047,2008.0,2
104047,2009.0,1
104065,2008.0,6
104065,2009.0,2
104065,2010.0,2
104065,2011.0,4
104065,2013.0,4
104065,2014.0,2
104065,2015.0,2
104065,2016.0,2
104065,2017.0,2
104065,2019.0,2
104087,2008.0,2
104087,2010.0,2
104124,2009.0,1
104124,2013.0,1
104138,2014.0,2
104162,2004.0,1
104162,2007.0,2
104162,2010.0,5
104162,2011.0,3
104162,2012.0,1
104162,2013.0,2
104162,2014.0,6
104162,2015.0,6
104162,2019.0,2
104245,2011.0,2
104316,2007.0,2
104316,2012.0,2
104316,2015.0,2
104316,2017.0,2
104343,2014.0,1
104353,2009.0,2
104353,2010.0,2
104353,2012.0,2
104353,2013.0,7
104353,2014.0,2
104353,2015.0,1
104353,2016.0,4
104357,2011.0,2
104369,2008.0,2
104369,2009.0,1
104369,2012.0,4
104369,2013.0,2
104369,2014.0,2
104369,2015.0,2
104369,2019.0,4
104369,2020.0,2
104412,2009.0,2
104440,2009.0,2
104440,2014.0,2
104446,2009.0,2
104446,2011.0,3
104446,2012.0,1
104446,2013.0,2
104446,2019.0,2
104448,2008.0,2
104448,2009.0,1
104448,2010.0,1
104463,2009.0,2
104474,2009.0,1
104474,2010.0,2
104474,2012.0,1
104474,2013.0,2
104474,2014.0,4
104474,2017.0,1
104474,2019.0,1
104483,2013.0,2
104485,2009.0,2
104487,2014.0,2
104507,2012.0,2
104651,2008.0,1
104651,2010.0,1
104651,2011.0,1
104651,2012.0,1
104651,2013.0,1
105387,2008.0,2
105387,2015.0,1
105387,2016.0,1
106069,2009.0,1
106069,2010.0,3
106069,2012.0,1
106124,2014.0,1
106594,2007.0,2
106594,2011.0,2
107353,2016.0,1
107403,2014.0,3
107403,2015.0,6
107403,2016.0,1
107473,2008.0,2
107622,2013.0,1
107622,2014.0,1
107726,2009.0,2
108219,2011.0,2
108219,2014.0,2
108219,2015.0,2
108219,2017.0,2
108887,2008.0,2
108887,2009.0,2
108887,2010.0,2
108887,2011.0,2
108887,2014.0,3
109819,2012.0,2
111468,2010.0,2
111528,2008.0,4
111528,2009.0,2
111528,2010.0,2
111528,2011.0,2
111528,2012.0,6
111528,2013.0,2
111528,2016.0,1
111645,2011.0,2
111747,2014.0,1
112097,2007.0,2
112097,2010.0,1
112097,2011.0,2
112097,2013.0,3
112311,2010.0,2
112494,2015.0,2
112494,2017.0,2
113334,2011.0,2
113795,2017.0,2
114050,2009.0,1
114050,2010.0,4
114050,2012.0,2
114203,2008.0,2
114203,2009.0,1
114203,2011.0,3
114203,2012.0,2
114203,2014.0,2
114203,2015.0,2
114203,2019.0,2
115368,2007.0,2
115368,2011.0,2
115368,2012.0,2
115368,2013.0,2
115368,2014.0,2
115368,2019.0,2
115542,2018.0,2
115547,2013.0,2
115624,2011.0,2
116226,2011.0,2
116270,2017.0,2
116797,2009.0,2
116797,2010.0,4
116797,2011.0,6
116797,2012.0,4
116797,2013.0,10
116797,2014.0,6
116797,2015.0,3
116797,2016.0,3
116797,2017.0,3
117028,2010.0,2
117028,2014.0,1
117028,2015.0,1
117028,2017.0,2
117042,2011.0,2
117042,2013.0,2
117176,2009.0,2
117176,2010.0,2
117176,2011.0,2
117176,2012.0,3
117176,2015.0,1
117176,2017.0,2
117176,2019.0,1
117284,2011.0,1
117476,2007.0,2
117547,2008.0,2
117946,2017.0,2
118786,2009.0,2
118786,2010.0,2
118786,2012.0,1
118786,2015.0,4
118786,2019.0,2
118812,2008.0,3
118812,2009.0,1
118812,2010.0,2
118812,2013.0,2
118817,2010.0,2
118817,2011.0,2
119037,2009.0,2
119037,2012.0,2
119037,2016.0,2
119037,2018.0,2
119249,2009.0,2
119302,2008.0,2
119529,2018.0,1
119564,2012.0,2
119895,2009.0,2
119955,2009.0,1
119955,2010.0,2
119955,2012.0,2
119955,2013.0,2
119955,2014.0,2
120007,2011.0,2
120007,2014.0,2
120064,2010.0,2
120128,2008.0,2
120128,2009.0,2
120128,2015.0,2
120128,2017.0,2
120128,2018.0,2
120148,2011.0,2
120242,2012.0,2
120343,2013.0,2
120444,2008.0,1
120444,2010.0,2
120444,2013.0,2
120444,2014.0,2
120708,2007.0,2
120708,2008.0,1
120708,2010.0,4
120708,2013.0,4
120708,2014.0,2
120708,2015.0,6
120708,2017.0,4
120708,2018.0,2
120719,2011.0,2
120804,2007.0,1
120804,2008.0,1
120804,2010.0,2
120852,2018.0,1
120853,2010.0,1
120853,2011.0,1
120888,2010.0,1
120894,2015.0,2
120950,2008.0,1
120950,2009.0,2
120950,2010.0,1
120950,2011.0,2
121003,2016.0,2
121142,2009.0,1
121192,2014.0,2
121192,2019.0,4
121196,2013.0,2
121263,2014.0,1
121263,2015.0,1
121263,2016.0,2
121291,2007.0,2
121291,2009.0,1
121291,2010.0,2
121395,2009.0,4
121430,2012.0,2
121465,2007.0,2
121465,2008.0,1
121465,2009.0,4
121465,2012.0,1
121731,2014.0,2
122156,2016.0,1
122199,2012.0,1
122225,2009.0,2
122225,2010.0,2
122225,2011.0,2
122225,2012.0,2
122225,2014.0,2
122225,2015.0,4
122529,2015.0,2
122572,2011.0,2
122572,2016.0,2
122602,2013.0,1
122994,2011.0,1
123000,2011.0,2
123000,2012.0,2
123000,2015.0,1
123335,2008.0,1
123335,2010.0,1
123531,2016.0,2
123635,2009.0,2
123649,2010.0,2
123649,2015.0,1
123649,2017.0,1
124057,2013.0,2
124057,2014.0,2
124057,2015.0,2
124245,2016.0,2
124245,2020.0,1
124515,2012.0,1
124605,2010.0,1
124658,2017.0,2
124753,2009.0,1
124786,2012.0,2
124790,2007.0,2
124790,2010.0,2
124790,2013.0,1
124902,2015.0,2
125202,2017.0,2
125226,2010.0,2
125334,2010.0,2
125334,2012.0,2
125363,2007.0,2
125393,2010.0,1
125437,2007.0,2
125475,2018.0,2
125860,2017.0,2
125997,2007.0,3
126136,2015.0,2
126331,2013.0,3
126407,2017.0,1
126514,2015.0,1
126588,2008.0,2
126588,2016.0,2
126600,2017.0,2
126694,2017.0,2
126776,2009.0,2
126935,2012.0,1
127081,2006.0,1
127081,2007.0,1
127081,2012.0,2
127081,2014.0,1
127142,2012.0,1
127142,2015.0,1
127473,2013.0,2
127473,2018.0,2
127507,2012.0,2
127549,2012.0,2
127648,2009.0,2
127733,2009.0,2
127818,2009.0,2
127836,2015.0,2
127836,2016.0,2
127836,2019.0,2
127858,2009.0,2
127921,2013.0,2
128103,2008.0,2
128144,2010.0,2
128145,2013.0,1
128241,2010.0,1
128334,2010.0,2
128351,2008.0,2
128351,2009.0,4
128351,2011.0,2
128351,2012.0,3
128351,2013.0,6
128351,2014.0,2
128351,2015.0,15
128351,2016.0,2
128351,2017.0,2
128351,2018.0,2
128351,2019.0,2
128351,2020.0,1
128592,2008.0,2
128605,2009.0,2
128605,2011.0,4
128929,2016.0,1
128929,2018.0,1
129052,2009.0,2
129052,2013.0,8
129052,2016.0,2
129772,2008.0,1
129837,2017.0,1
129878,2011.0,1
129878,2012.0,1
130062,2015.0,2
130116,2016.0,2
130116,2018.0,2
130227,2010.0,2
130390,2008.0,1
130390,2017.0,2
130535,2013.0,1
130645,2008.0,2
130645,2011.0,2
130645,2013.0,2
130645,2014.0,4
130645,2017.0,2
130645,2019.0,2
130702,2013.0,2
130748,2015.0,2
130790,2018.0,6
130850,2010.0,2
131165,2009.0,2
131165,2013.0,1
131165,2014.0,1
131275,2010.0,2
131282,2009.0,2
131282,2010.0,3
131341,2008.0,1
131341,2010.0,3
131341,2012.0,1
131341,2014.0,1
131347,2008.0,1
131392,2009.0,2
131392,2016.0,2
131487,2016.0,2
131487,2018.0,2
131851,2010.0,2
131851,2013.0,2
132078,2011.0,2
132078,2015.0,3
132091,2008.0,2
132092,2011.0,2
132135,2009.0,1
132153,2015.0,2
132644,2015.0,1
132644,2016.0,1
132690,2009.0,2
132700,2010.0,2
132700,2016.0,2
132700,2017.0,4
132864,2013.0,2
132873,2012.0,2
132938,2017.0,1
132995,2011.0,1
132995,2015.0,2
132995,2018.0,2
133068,2010.0,2
133068,2016.0,2
133267,2012.0,2
133277,2013.0,2
133549,2009.0,2
133549,2011.0,2
133591,2012.0,2
133653,2009.0,2
133653,2011.0,2
133760,2008.0,1
133763,2009.0,4
133763,2011.0,2
133763,2017.0,4
133763,2018.0,2
133763,2020.0,1
133839,2011.0,2
133957,2009.0,1
133957,2011.0,1
134268,2009.0,1
134502,2013.0,2
134602,2012.0,2
134736,2008.0,2
134736,2009.0,2
134736,2010.0,2
134736,2011.0,2
134736,2012.0,3
134736,2013.0,8
134736,2014.0,2
134736,2015.0,2
135131,2017.0,2
135131,2019.0,2
135414,2015.0,1
135414,2018.0,1
135414,2019.0,2
135625,2014.0,1
135625,2015.0,1
135738,2013.0,2
135924,2009.0,1
135924,2012.0,1
135966,2016.0,2
135981,2007.0,2
135981,2009.0,2
135981,2010.0,1
135981,2011.0,2
135981,2012.0,4
136131,2014.0,2
136161,2012.0,2
136163,2012.0,2
136223,2016.0,2
136300,2016.0,2
136300,2019.0,2
136321,2013.0,2
136708,2011.0,2
136734,2011.0,2
136791,2010.0,2
136791,2012.0,2
136791,2014.0,2
136791,2016.0,2
136791,2017.0,2
136962,2014.0,2
136962,2015.0,1
136962,2016.0,1
137107,2011.0,1
137115,2009.0,2
137389,2015.0,2
137608,2015.0,2
137662,2017.0,1
137743,2017.0,2
137862,2015.0,2
137862,2016.0,1
137862,2017.0,1
138033,2013.0,2
138116,2016.0,2
138138,2010.0,4
138138,2011.0,2
138138,2013.0,3
138138,2014.0,2
138618,2017.0,2
138887,2010.0,2
139049,2013.0,2
139049,2017.0,2
139049,2018.0,2
139091,2008.0,2
139107,2013.0,2
139124,2014.0,1
139212,2013.0,2
139515,2013.0,2
139515,2016.0,2
139627,2012.0,1
139627,2016.0,1
139760,2013.0,1
139919,2018.0,1
140185,2012.0,2
140227,2009.0,2
140341,2011.0,2
140341,2012.0,2
140341,2013.0,2
140564,2008.0,2
140611,2016.0,2
140802,2017.0,2
140988,2017.0,2
141238,2015.0,2
141296,2010.0,1
141630,2017.0,1
142186,2011.0,2
142348,2012.0,4
142518,2011.0,2
142785,2007.0,1
142785,2009.0,2
142785,2011.0,1
142785,2012.0,6
142785,2013.0,6
142785,2014.0,5
142785,2016.0,2
142785,2017.0,1
142785,2020.0,2
142866,2019.0,2
142867,2015.0,2
142867,2016.0,1
142867,2017.0,2
142867,2018.0,2
142910,2015.0,2
142927,2016.0,2
143093,2015.0,2
143137,2015.0,2
143174,2018.0,2
143253,2018.0,2
143474,2008.0,2
143475,2016.0,2
143570,2014.0,2
143612,2011.0,2
143623,2012.0,1
143623,2013.0,1
143623,2015.0,2
143623,2016.0,2
143710,2010.0,2
143710,2012.0,2
144211,2013.0,2
144211,2018.0,2
144211,2019.0,2
144497,2009.0,2
144634,2011.0,2
145012,2011.0,2
145012,2014.0,2
145012,2018.0,2
145021,2010.0,2
145021,2013.0,2
145021,2015.0,1
145116,2015.0,2
145135,2010.0,2
145135,2013.0,2
145135,2015.0,2
145276,2017.0,2
145317,2016.0,2
145357,2014.0,1
145454,2013.0,1
145511,2013.0,1
145511,2014.0,1
145562,2016.0,2
145562,2018.0,1
145589,1985.0,1
145750,2013.0,2
146001,2017.0,2
146049,2013.0,4
146067,2013.0,2
146085,2010.0,2
146241,2009.0,2
146251,2015.0,2
146310,2017.0,1
146344,2018.0,2
146726,2020.0,2
146744,2012.0,4
146744,2015.0,3
146744,2016.0,1
146744,2017.0,1
146744,2018.0,1
146744,2019.0,1
146870,2012.0,2
146952,2011.0,1
146999,2017.0,2
147257,2018.0,2
147369,2009.0,2
147653,2014.0,1
147653,2017.0,1
147853,2019.0,2
148031,2012.0,2
148031,2013.0,2
148443,2012.0,2
148493,2011.0,2
148493,2016.0,2
148743,2016.0,2
148771,2015.0,2
148938,2011.0,2
149021,2011.0,2
149021,2013.0,2
149021,2019.0,2
149032,2013.0,3
149032,2015.0,1
149073,2016.0,2
149224,2017.0,1
149418,2014.0,2
149486,2011.0,1
149486,2013.0,1
149758,2011.0,1
149758,2012.0,1
149758,2013.0,2
149758,2017.0,1
149777,2011.0,2
149777,2012.0,6
149777,2013.0,5
149777,2014.0,8
149777,2015.0,12
149777,2016.0,12
149777,2017.0,8
149777,2018.0,2
149777,2019.0,2
149777,2020.0,2
149823,2013.0,3
149823,2014.0,8
149823,2015.0,7
149823,2016.0,6
149823,2019.0,1
149823,2020.0,3
150063,2017.0,2
150557,2011.0,2
150606,2014.0,1
150696,2014.0,2
150704,2017.0,2
150780,2017.0,2
150804,2013.0,2
151044,2015.0,2
151256,2016.0,2
151403,2015.0,2
151705,2012.0,2
151705,2017.0,2
151705,2019.0,1
151796,2013.0,2
152513,2019.0,2
152528,2010.0,1
152528,2012.0,1
152550,2015.0,2
152603,2015.0,1
152603,2017.0,1
152912,2014.0,1
152912,2015.0,4
152912,2016.0,6
152912,2017.0,1
153133,2016.0,2
153152,2016.0,2
153563,2017.0,1
153587,2013.0,2
153794,2015.0,2
153861,2019.0,3
153906,2016.0,1
153906,2017.0,1
154026,2014.0,2
154327,2013.0,1
154376,2019.0,6
154376,2020.0,4
154492,2016.0,2
154717,2016.0,1
155246,2017.0,2
155291,2018.0,2
155456,2013.0,2
155456,2015.0,2
155456,2017.0,2
155643,2017.0,2
155979,2017.0,2
156028,2016.0,4
156171,2017.0,2
156214,2018.0,2
157067,2016.0,2
157525,2016.0,2
157525,2018.0,2
157987,2016.0,2
158816,2016.0,2
159008,2014.0,2
159008,2017.0,2
159481,2016.0,2
159712,2015.0,2
159940,2017.0,2
160481,2016.0,2
164004,2019.0,2
164319,2016.0,2
165998,2019.0,2
167421,2016.0,2
167830,2016.0,2
168172,2017.0,2
168490,2015.0,1
168490,2016.0,1
168490,2017.0,1
168490,2018.0,1
168490,2019.0,2
168622,2007.0,1
168622,2008.0,1
168622,2009.0,1
168622,2011.0,1
168622,2012.0,1
168638,2017.0,2
168883,2020.0,1
172567,2019.0,2
285852,2017.0,2
